{
    "Favorable Rate Difference": {
        "credit": {
            "sex": 0.07480130902290782,
            "age": 0.14944769330734242
        },
        "skill_level": {
            "sex": 0.03356708742402992,
            "age": 0.03131903833658223
        },
        "credit_amount": {
            "sex": 0.0785413744740533,
            "age": 0.05977907732293697
        }
    },
    "Favorable Rate Ratio": {
        "credit": {
            "sex": 0.8965673282047968,
            "age": 0.7948260481712757
        },
        "skill_level": {
            "sex": 0.9574240986717267,
            "age": 0.960049730625777
        },
        "credit_amount": {
            "sex": 0.8057578910856746,
            "age": 0.8472521999003819
        }
    },
    "Consistency": 0.6816000000000013,
    "Proportion": {
        "sex": {
            "male": 0.69,
            "female": 0.31000000000000005
        },
        "age": {
            ">25": 0.81,
            "<=25": 0.18999999999999995
        }
    },
    "stop": 1
}